{"cameraMode":{"drawMode":0,"name":"Shaded","section":"Shading Mode"},"sceneLighting":false,"audioPlay":false,"sceneViewState":{"m_AlwaysRefresh":false,"showFog":true,"showSkybox":false,"showFlares":true,"showImageEffects":true,"showParticleSystems":true,"showVisualEffectGraphs":true,"m_FxEnabled":true},"in2DMode":false,"pivot":{"x":0.21000000834465028,"y":0.09000000357627869,"z":-3.759999990463257},"rotation":{"x":-0.09723543375730515,"y":-0.45847082138061526,"z":0.05054754018783569,"w":-0.8819242715835571},"size":0.5424060225486755,"orthographic":false}